{
    "weights": [
        0.7766600915206723,
        0.27045302167082613,
        0.8069511127247793,
        0.034551789642171704
    ],
    "bias": -0.9567347225854697,
    "n_inputs": 4,
    "normalization_params": {
        "min": [],
        "max": []
    },
    "algorithm": "perceptron",
    "normalize": true
}