{
    "weights": [
        0.21345562506276777,
        0.35838419772469343,
        0.3269333297895535,
        0.13569105295263614
    ],
    "bias": -0.537147344201183,
    "n_inputs": 4,
    "normalization_params": {
        "min": [],
        "max": []
    },
    "algorithm": "perceptron",
    "normalize": true
}